{"smokePodC4":334.69200134277344,"c4CrossCheckMs":307.5289726257324,"rssAfterFirstInferenceMB":690.140625,"c4FirstTokenMs":334.69200134277344,"sileroVadJitMs":1.248002052307129,"smokePassWithCaveat":false,"medianLogProb":0.7048690915107727,"modelPath":"models\/ggml-small.bin","rssAfterLoadMB":660.359375,"metalSystemInfo":"see loadModels output above","smokeCleanPass":false,"vadThreshold":0.5,"warmupInferenceMs":33362.507939338684,"kLengthMs":600,"vadPath":"models\/ggml-silero-v5.1.2.bin","smokeMacC4":307.5289726257324}