{"kLengthMs":800,"vadThreshold":0.5,"smokePodC4":303.83002758026123,"rssAfterFirstInferenceMB":713.09375,"vadPath":"models\/ggml-silero-v5.1.2.bin","smokeMacC4":280.2070379257202,"rssAfterLoadMB":665.03125,"sileroVadJitMs":0.5130767822265625,"c4CrossCheckMs":280.2070379257202,"metalSystemInfo":"see loadModels output above","c4FirstTokenMs":303.83002758026123,"medianLogProb":0.6378577351570129,"smokeCleanPass":false,"modelPath":"models\/ggml-small.bin","warmupInferenceMs":29339.765906333923,"smokePassWithCaveat":false}