{"c4FirstTokenMs":452.71193981170654,"medianLogProb":0.6530332565307617,"vadThreshold":0.5,"vadPath":"models\/ggml-silero-v5.1.2.bin","modelPath":"models\/ggml-small.bin","c4CrossCheckMs":1321.553111076355,"rssAfterLoadMB":657.265625,"sileroVadJitMs":0.7550716400146484,"warmupInferenceMs":37624.23801422119,"smokePassWithCaveat":true,"metalSystemInfo":"see loadModels output above","smokeCleanPass":false,"smokeMacC4":1321.553111076355,"rssAfterFirstInferenceMB":776.359375,"smokePodC4":452.71193981170654,"kLengthMs":1000}