{
  "loadDurationMs" : 529.650092124939,
  "modelLoadSuccess" : true,
  "peakRSSMB" : 241.453125
}