elapsed_s,cpu_user_pct,cpu_system_pct,cpu_total_pct,rss_mb,words_total,speaking_duration_s,avg_wpm,rms_avg,thermal_state,marker
10.0,0.00,0.00,0.00,23.8,0,0.0,0.0,0.001511,0,
20.0,0.00,0.00,0.00,23.8,0,0.0,0.0,0.001527,0,
30.0,0.00,0.00,0.00,23.8,0,0.0,0.0,0.001500,0,SCENARIO_BOUNDARY
40.0,2.43,0.32,2.75,23.8,0,0.0,0.0,0.001513,0,
50.0,0.00,0.00,0.00,23.8,0,0.0,0.0,0.001519,0,
60.0,0.00,0.00,0.00,23.8,0,0.0,0.0,0.001495,0,
